user_id,sleep_score,day_index,is_weekend,bedtime_hour,wake_hour,sleep_duration_hours,bedtime_regularity_hours,caffeine_mg,last_caffeine_hour,alcohol_units_per_day,exercise_minutes,exercise_end_hour,screen_minutes_last_90,stress,is_sick,is_exam_week,is_holiday
1,0.7,0,0,23.4,8.6,9.2,0.2,70.4,11.7,0.4,28.3,20.4,30.4,2.7,0,0,0
1,0.9,1,0,22.5,7.6,9.1,0.4,64.4,11,0.6,21.7,15.4,29.7,2.2,0,0,0
1,0.8,2,0,22.9,8.8,9.8,0.4,40.4,9.7,0.4,12.8,17.3,22.9,2.4,0,0,0
1,0.7,3,0,23.1,7.9,8.9,0.3,77.8,16.7,2.5,17.5,17.4,53.7,2.2,0,0,0
1,0.8,4,0,22.9,7.9,9,0.3,78.4,12.3,0.5,18.2,15.8,27.6,2.8,0,0,0
1,0.9,5,1,23.5,8.8,9.3,0.3,63.6,15.5,0.5,48,18.3,4.5,2.8,0,0,0
1,0.8,6,1,23.3,8.8,9.5,0.3,35.7,11.9,0.6,19.1,18,30.1,2.6,0,0,0
1,0.8,7,0,22.1,7.4,9.4,0.5,78.1,12,0,11.8,17.4,5.1,1.5,0,0,0
1,0.8,8,0,23.2,8.3,9.2,0.4,101.5,15.9,0.2,14.6,17.6,27.6,0.6,0,0,0
1,0.7,9,0,23.7,8.8,9.2,0.5,155.1,12,0.2,3,19.8,14.1,1,0,0,0
1,0.8,10,0,22.4,7.3,8.9,0.5,168.4,12.5,0,23.6,14.8,56.9,0.5,0,0,0
1,0.8,11,0,0.5,9.7,9.2,0.8,93.7,16.6,1.1,36.7,18.8,14.2,1.3,0,0,0
1,0.8,12,1,23,8.4,9.4,0.7,86.2,14.1,0.3,25,18.6,56.4,2.8,0,0,0
1,0.8,13,1,23,8.3,9.3,0.7,90.5,14.4,0,38.9,18.8,17.9,1.7,0,0,0
1,0.7,14,0,22.8,7.9,9.1,0.6,69.9,13.8,1,0,17.6,29.4,1.2,0,0,0
1,0.8,15,0,23.4,8.7,9.3,0.6,18.6,13.7,0.3,9.2,17.4,33.7,2.9,0,0,0
1,0.8,16,0,23.4,8.6,9.2,0.6,97.6,15,0.2,26,16.7,7.3,2.1,0,0,0
1,0.8,17,0,23.1,8.2,9.2,0.5,109.2,10.7,0.3,7.4,17.1,34.6,0.9,0,0,0
1,0.7,18,0,23.4,8.2,8.8,0.2,126.2,14.6,1.5,26.1,18.7,0,2,0,0,0
1,0.8,19,1,23.4,9.1,9.7,0.3,112.6,15.4,0.4,28.5,18.5,22.8,1.4,0,0,0
1,0.8,20,1,22.7,8.4,9.7,0.3,139.3,12.2,0,28,19.5,44.9,2.2,0,0,0
1,0.8,21,0,23.6,8.9,9.3,0.3,71.8,9.9,1.1,18.1,18.2,1,0.5,0,0,0
1,0.8,22,0,23,8,9,0.3,101,14,0,0,18.1,31.9,2.1,0,0,0
1,0.8,23,0,22.9,8.2,9.3,0.3,101.2,12.2,0.2,28,19.5,32.8,1.3,0,0,0
1,0.9,24,0,22.1,7.2,9.1,0.5,20.7,9.3,0.7,20.7,18.4,44.9,1.4,0,0,0
1,0.9,25,0,22.7,7.4,8.8,0.5,44.5,12.9,3.4,4.3,18.7,35.8,0,0,0,0
1,0.8,26,1,22.6,7.8,9.2,0.4,97.1,13.2,0.5,30.4,20.4,2.8,2.4,0,1,0
1,0.6,27,1,23.1,8.7,9.5,0.4,116,13.8,0.8,10.4,18.6,1.2,0.1,1,1,0
1,0.5,28,0,23.2,8.6,9.4,0.3,13.7,13,0.3,38.1,18,28.3,3.2,1,1,0
1,0.9,29,0,22.7,8,9.2,0.3,48.8,14.3,0,35,21.8,31.8,1.3,0,1,0
1,0.8,30,0,22.7,7.3,8.7,0.3,0.4,10.8,0.7,14.2,15.3,16.8,3.4,0,1,0
1,0.9,31,0,23,7.7,8.8,0.2,68.1,13.7,0.3,36.9,18.6,14.7,2.2,0,0,0
1,0.8,32,0,22.5,7,8.5,0.2,72.3,16,0.1,46.8,18.2,48.5,1.2,0,0,0
1,0.8,33,1,22.9,8.1,9.2,0.2,58.4,15.6,0,13.2,15,28.7,1.4,0,0,0
1,0.8,34,1,22.9,8.4,9.5,0.2,108.3,14.7,0.5,33.3,18.5,23.7,1.3,0,0,0
1,0.8,35,0,22.4,7.3,8.9,0.2,44.4,13.4,0.5,25.8,16.6,36.1,1.4,0,0,0
1,0.8,36,0,22.9,8.2,9.4,0.2,22.1,13.4,0,27.8,15.4,43.7,1.3,0,0,0
1,0.7,37,0,22.4,6.9,8.5,0.2,68.2,11.6,0.7,55,15.9,28.5,2.8,0,0,0
1,0.9,38,0,23.4,8.4,9,0.4,63,10.5,0,18.6,17.1,28.6,0.1,0,0,0
1,0.9,39,0,23.2,7.9,8.6,0.4,54.5,14.5,0.7,31.7,16.2,28.5,0.4,0,0,0
1,0.7,40,1,23.4,8.5,9.1,0.4,138,12.7,1.8,15.7,18.8,37.5,0.7,0,0,0
1,0.8,41,1,23.9,9.8,9.9,0.5,2.5,12.9,0.2,8.3,19,2.6,2.1,0,0,0
1,0.7,42,0,22.7,7.9,9.2,0.5,74.3,14.6,0,27.5,17.3,22.4,2.8,0,0,0
1,0.8,43,0,22.9,8.3,9.4,0.5,45.2,13.8,0.9,20.1,15,11.5,1.2,0,0,0
1,0.8,44,0,22.2,6.9,8.7,0.5,99.3,12.6,0,36.8,18.5,5.2,2.2,0,0,0
1,0.8,45,0,22.9,8.4,9.5,0.5,73.3,15,0.6,43.8,17.1,17.5,1.2,0,0,0
1,0.8,46,0,23.3,8.3,9,0.5,63,14.1,0.2,39.3,13.9,13.3,0,0,1,0
1,0.8,47,1,23.7,8.8,9.1,0.5,77.7,15.4,0.6,33.4,17.6,36.8,0.7,0,1,0
1,0.9,48,1,22.3,7.7,9.4,0.5,107.4,12.9,0,23.6,20,2.6,0.8,0,1,0
1,0.8,49,0,23.1,8.3,9.3,0.5,34.4,11.5,0.5,25.9,19,29.2,1.6,0,1,0
1,0.8,50,0,22.2,7.7,9.4,0.5,0,15,0,0,18.2,52,1.9,0,1,0
1,0.5,51,0,22.7,7.2,8.5,0.5,39.4,16.7,0.8,8.2,18.8,34.5,2.8,1,0,0
1,0.5,52,0,22.6,6.7,8.1,0.5,147.3,15.9,0,2.1,16,25.9,0.9,1,0,0
1,0.8,53,0,0.1,9.3,9.2,0.7,81.8,13.1,1.2,13.8,15.7,18,1.4,0,0,0
1,0.8,54,1,23.5,9,9.6,0.6,36.7,14.1,0.5,44.3,20,6.3,1.2,0,0,0
1,0.9,55,1,23,8.4,9.4,0.6,59.8,12.4,0.5,19,18.4,7.9,1.1,0,0,0
1,0.8,56,0,22.1,7,8.9,0.7,5.5,13.6,0.2,43.2,13.2,48.4,0.6,0,0,0
1,0.8,57,0,22.5,7.5,9.1,0.6,66.9,16.1,1.2,20,21.4,51.3,1.4,0,0,1
1,0.8,58,0,23.9,9.1,9.2,0.7,114.1,12.2,0.8,19.6,17.1,25.5,1.7,0,0,1
1,0.8,59,0,22.9,7.9,9,0.7,106.7,11.7,0,24.1,18.2,37.5,0.4,0,0,1
1,0.7,60,0,23.2,7.8,8.6,0.6,109,13.6,0,24.8,17.6,31.8,2.3,0,0,1
1,0.9,61,1,22.8,7.8,9,0.5,62.7,9,0,12.5,17,25.6,1.3,0,0,1
1,0.8,62,1,22.9,8.2,9.3,0.5,18.6,14.1,0.2,48.8,16.9,21.6,0.5,0,0,1
1,0.9,63,0,22.5,7.5,8.9,0.4,95.9,14.5,0,39.8,20.1,10.6,1.9,0,0,1
1,0.8,64,0,22.7,7.5,8.8,0.4,45.3,13.7,0,22.5,21.4,31.2,1.3,0,0,1
1,0.8,65,0,23,8.1,9.1,0.2,126.6,16.5,0.5,33.8,15.9,39.1,2.2,0,0,1
1,0.8,66,0,23,8.1,9.1,0.2,91.6,12.9,0.5,0,18.7,0,1.9,0,0,1
1,0.8,67,0,22.6,7,8.5,0.2,60.6,17.5,0.3,31.1,20.9,10,1.4,0,0,1
1,0.5,68,1,23.8,8.3,8.5,0.4,17.2,11.7,2,4.7,15.2,44.8,1.9,1,0,1
1,0.8,69,1,23.1,8.6,9.4,0.4,139.2,16.7,1,23.4,18.6,26.8,1.6,0,0,1
1,0.8,70,0,22.5,7.7,9.2,0.4,63.4,14.6,0.3,30.1,19.2,36.3,1.8,0,0,1
1,0.8,71,0,22.6,8.2,9.6,0.4,13.8,11.6,0.3,20.9,17.4,30.1,1.8,0,0,1
1,0.8,72,0,22.1,7.3,9.3,0.5,65.4,9.6,0.3,24.9,19.9,28,1.1,0,0,0
1,0.8,73,0,22.8,7.6,8.8,0.5,57.7,15,0.6,10.7,19.8,26.5,0.9,0,0,0
1,0.8,74,0,23,7.6,8.6,0.5,97.5,11.3,0.2,26.6,22.4,47.1,1.6,0,0,0
1,0.8,75,1,23.2,8.4,9.2,0.4,61.7,15.5,0,24.1,16.1,51.1,1.2,0,0,0
1,0.7,76,1,22.8,7.8,9,0.3,132.8,18.6,0,46.5,18.4,37,1.7,0,0,0
1,0.8,77,0,23,7.7,8.7,0.3,68.9,12.4,0.3,36.9,18.3,61,2.6,0,1,0
1,0.7,78,0,23,8.4,9.4,0.3,103.9,14.4,0,35.5,15.6,56.3,2.9,0,1,0
1,0.9,79,0,22.8,7.7,8.9,0.1,83.2,15.5,0.1,30.3,18.2,16.9,1.5,0,1,0
1,0.9,80,0,22.7,7.4,8.7,0.2,44.2,13,0,45.7,17.7,31.2,1.7,0,1,0
1,0.8,81,0,22.1,6.1,8,0.3,80.6,14.7,0.5,19.2,19.8,40.5,1.8,0,1,0
1,0.8,82,1,23.5,8.7,9.2,0.4,23.3,11.4,0.2,2.4,16.2,81.3,1.3,0,0,0
1,0.5,83,1,22.7,7.2,8.4,0.4,0,14.2,0,0,18,28.2,3.3,1,0,0
1,0.8,84,0,23.1,8,9,0.4,157.4,17,0,11.1,20.7,6.3,2.1,0,0,0
1,0.8,85,0,22.6,7.5,8.9,0.4,44.8,17.6,0.4,38.3,17.1,0,0,0,0,0
1,0.8,86,0,23.3,7.9,8.7,0.4,78.2,15.8,0.5,36.7,16.4,36.3,2.5,0,0,0
1,0.8,87,0,22.4,6.8,8.5,0.5,0,13.7,0,25.4,19,63.5,1.7,0,0,0
1,0.9,88,0,22.8,7.7,8.9,0.4,7.7,12.8,0.8,47.8,16.6,14.1,2.4,0,0,0
1,0.8,89,1,23.5,8.5,9,0.4,62.1,13.4,0.2,12.5,19.2,51.2,2.8,0,0,0
1,0.8,90,1,23,8.2,9.2,0.4,144.8,14.2,0.2,42.9,14.1,42.4,1.5,0,0,0
1,0.8,91,0,23.1,8.6,9.5,0.4,86.8,12.7,0.1,0,18.5,1.1,0.5,0,0,0
1,0.8,92,0,23,7.6,8.6,0.3,110.2,13,0,10.1,20.2,15.3,2.2,0,0,0
1,0.8,93,0,23.4,8.5,9.1,0.3,71.9,14.2,0,42.9,16.6,17.2,2.4,0,0,0
1,0.8,94,0,22.8,7.1,8.3,0.3,4.9,11.6,0.4,31.2,21.3,61.6,1.3,0,0,0
1,0.7,95,0,22.6,7.3,8.7,0.3,172.4,14.1,0,38.7,20.2,13.4,3.5,0,0,0
1,0.8,96,1,22.9,7.9,9,0.2,116.7,10.4,0.7,19.3,18.7,59.9,2,0,0,0
1,0.8,97,1,22.5,8,9.5,0.3,94.6,14.5,0.4,29.4,20.7,2.5,1,0,1,0
1,0.8,98,0,22.4,7.8,9.4,0.3,93.5,11.9,0,47.2,17,19.9,2.2,0,1,0
1,0.9,99,0,23.2,8,8.7,0.3,67,13.1,0.1,16.3,19.3,39.7,2,0,1,0
1,0.8,100,0,23.2,7.8,8.6,0.3,134.7,12,1.4,39.9,19.7,25.1,2.7,0,1,0
1,0.8,101,0,23.1,7.6,8.5,0.3,106.2,14.8,0.2,11.1,16.4,32.9,0.3,0,1,0
1,0.8,102,0,22.8,7.7,8.9,0.3,137.5,13.2,3.6,47.7,17.4,33.1,2.1,0,0,0
1,0.8,103,1,23.6,9.3,9.7,0.4,118.5,12.2,0,31.9,19.8,0,0,0,0,0
1,0.8,104,1,22.5,8.2,9.6,0.4,72.4,13.2,1.3,3.1,17.3,41.3,2,0,0,0
1,0.9,105,0,23.1,8,8.8,0.3,25.1,14.1,0,24.7,16.9,15.9,1.6,0,0,0
1,0.8,106,0,22.6,7.4,8.8,0.3,55,15.9,0.5,21.8,18.9,45.3,1.9,0,0,0
1,0.8,107,0,22.1,7.4,9.3,0.4,12.7,13.4,1,20.3,14.5,0,1.3,0,0,0
1,0.9,108,0,24,8.8,8.8,0.6,0,14.4,2.5,7.5,21.6,24.4,0.8,0,0,0
1,0.8,109,0,23.1,7.8,8.7,0.6,75.8,16,0.2,0,16.6,30.9,0.2,0,0,0
1,0.8,110,1,22.6,7.8,9.2,0.6,50.9,14.9,0.7,22.8,17.3,12.8,0.6,0,1,0
1,0.8,111,1,22.7,8.1,9.3,0.5,109.2,10.6,0.3,21.7,18.6,3.2,0.5,0,1,0
1,0.9,112,0,22,7.5,9.5,0.6,93.8,15.6,0.2,33.3,16.7,0.7,0,0,1,0
1,0.7,113,0,22.6,7.6,9,0.6,24.5,11,0,30.7,18.8,28.6,2.8,0,1,0
1,0.8,114,0,23.2,8.3,9.1,0.6,130.6,10.9,0.1,45.4,18.9,21.7,1.2,0,1,0
1,0.8,115,0,23.3,8.2,8.8,0.4,101.3,18.7,1.6,13.6,19,53.2,1.7,0,1,0
1,0.7,116,0,0.8,9,8.2,0.8,31.2,12,1.7,29.2,20,44.7,1.3,0,0,0
2,0.7,0,0,22.8,4.6,5.8,0.2,190,16.2,0,4.5,21.5,37.1,5,0,0,0
2,0.6,1,0,22.6,4.3,5.6,0.1,413.5,19.7,0.6,1.5,19.6,96.6,4.6,0,0,0
2,0.6,2,0,23,3.3,4.3,0.2,321.9,19.9,1.2,0,19.7,18.5,4,0,0,0
2,0.7,3,0,22.7,3.8,5.1,0.1,246.7,16.4,1.4,19.4,18.7,48.1,4.6,0,0,0
2,0.6,4,0,22.9,4.6,5.7,0.1,259.4,17.8,1.9,24.3,20.1,20,5,0,0,0
2,0.6,5,1,2.5,8.9,6.4,1.4,239.6,19,0.4,3.8,19.9,62.2,4.2,0,0,0
2,0.6,6,1,23.5,6.4,7,1.3,261,19.3,0,1.9,15.5,32,3.7,0,0,0
2,0.7,7,0,0.5,5.9,5.5,1.3,233.1,18.8,0.7,8.1,18.9,69.8,2.9,0,0,0
2,0.6,8,0,1.9,7,5.1,1.4,352.2,18.1,0.5,12.9,20.4,65.9,4.7,0,0,0
2,0.6,9,0,22.8,3.9,5.1,1.4,164.2,13.8,0.9,33.1,21.8,78.1,5,0,0,0
2,0.7,10,0,21.8,3.1,5.3,1.6,164.3,17.9,0,20.4,21,31.6,2.3,0,0,0
2,0.7,11,0,22.3,3.4,5,1.7,219.5,15.3,0,25.7,22.7,31,4,0,0,0
2,0.6,12,1,1,6.9,5.9,1.4,309.7,11.7,1.2,0,18.1,52.1,2.8,0,0,0
2,0.6,13,1,22.9,5.7,6.8,1.4,255,15.1,0,4.8,20.8,17,3.7,0,0,0
2,0.5,14,0,22.6,4.9,6.3,1.4,404.4,17.4,0,8.2,17.8,62.4,3,0,0,0
2,0.7,15,0,22,3.5,5.4,1,192.3,15.7,0,35,19.3,15.6,3.5,0,0,0
2,0.7,16,0,1.3,6.2,4.9,1.3,151.8,16.9,0,16.6,18,54.1,3.4,0,0,0
2,0.7,17,0,0.1,5.5,5.4,1.2,331.7,17,0.2,16,22.3,79.2,2.5,0,0,0
2,0.6,18,0,0.8,6.8,6,1.2,209.6,17.6,0.2,7.1,18.7,40.8,3.4,0,0,0
2,0.6,19,1,1.5,7.8,6.3,1.3,267.9,18.3,0.6,14.1,18.2,48.7,3.5,0,0,0
2,0.7,20,1,23.6,6,6.4,1.2,251.5,15.3,1.2,21.3,16.9,76.5,4,0,0,0
2,0.6,21,0,0.2,6,5.8,1.1,200.6,18.7,0.7,15.1,17.8,58.3,2.9,0,0,0
2,0.7,22,0,21.1,2.9,5.9,1.4,278.5,16.5,1.3,10.1,22.5,78.4,3.6,0,0,0
2,0.6,23,0,0.6,5.5,4.9,1.3,343,18.8,1.7,7.4,16.7,76.5,4.4,0,0,0
2,0.5,24,0,1.1,5.9,4.7,1.4,364.3,23,0.7,20.8,18.3,44.9,3.1,0,0,0
2,0.6,25,0,0.5,6.6,6.1,1.4,232.2,17.2,1.1,14.7,20.2,51.4,2.9,0,0,0
2,0.7,26,1,0.4,6.3,6,1.2,264.8,13.2,0,19.1,19.9,64,4.8,0,1,0
2,0.6,27,1,24,6.2,6.2,1.2,302.1,17.9,0.8,16.3,20.7,79.6,4.7,0,1,0
2,0.6,28,0,2.1,7,4.9,1.4,283.1,14.1,0,22.7,18.7,95,3.2,0,1,0
2,0.7,29,0,0.7,6.4,5.7,0.6,304.7,19.3,0.5,19.9,18.7,62.7,4.2,0,1,0
2,0.7,30,0,0.3,5.9,5.6,0.6,187.2,17.6,0.4,16.9,23,70.6,4.9,0,1,0
2,0.8,31,0,23.7,6,6.3,0.7,188.1,16.8,0.6,23.5,19.8,57.6,3.7,0,0,0
2,0.7,32,0,23.8,5.2,5.5,0.7,344.3,16.8,1.7,22.3,17.7,76.6,4.1,0,0,0
2,0.6,33,1,23.8,5.6,5.8,0.8,312.1,20.1,0.8,21,21.4,17.3,3.4,0,0,0
2,0.6,34,1,23.4,5.3,5.9,0.8,150.5,18.2,0.4,19.8,21.9,113,4.2,0,0,0
2,0.7,35,0,22.1,3.4,5.3,0.7,261.6,17.3,0.1,35.1,20.2,36.7,3.2,0,0,0
2,0.7,36,0,22,3.6,5.7,0.8,243.8,17.5,0.2,6.9,18.2,62.3,4.5,0,0,0
2,0.7,37,0,23.7,4.9,5.2,0.7,299.4,18.7,0.1,22.9,21,104.5,3.3,0,0,0
2,0.7,38,0,0.1,5.3,5.2,0.8,126.3,17.7,0,15.9,17.8,65.9,4.1,0,0,0
2,0.5,39,0,1,7,6,1,393.8,17.4,0.6,19.4,16.7,71.1,3.1,1,0,0
2,0.7,40,1,1,6.6,5.6,1.1,353,15.1,0.6,17.5,21.2,0.6,3.4,0,0,0
2,0.5,41,1,1.7,7.9,6.2,1.3,314.8,17.1,0,10.4,22.4,82.7,4.1,0,0,0
2,0.7,42,0,2.5,7.6,5.2,1.4,210.8,13.5,1.3,15.1,21.2,71.5,4.3,0,0,0
2,0.4,43,0,22.3,4.9,6.6,1.3,224.1,16.6,0.4,32,19.9,37.7,2.1,1,0,0
2,0.4,44,0,0.2,5.6,5.4,1.2,311.4,18.1,0.9,0,18.7,115.9,4.5,1,0,0
2,0.7,45,0,0.2,6,5.8,1.2,306.5,13.1,1.4,16.7,21,21.2,4.2,0,0,0
2,0.2,46,0,4.9,9.6,4.7,1.9,301.7,13.4,2.2,3.6,21.9,87.5,4.3,1,1,0
2,0.3,47,1,2.9,8.7,5.9,2,115.8,22.6,0.6,4.4,20.6,54,5,1,1,0
2,0.6,48,1,1.1,6.3,5.2,2,263.8,17.3,0.2,22.9,16.4,77.1,3.5,0,1,0
2,0.3,49,0,0.1,6.2,6,2,93.3,18.1,0.1,0,18,48.8,5,1,1,0
2,0.7,50,0,22.2,3.4,5.2,2,286.2,16.8,0,9.6,17.6,17.4,2.8,0,1,0
2,0.7,51,0,23.3,5.3,6,2.1,203.1,18.7,0,0,18.7,49.1,4.1,0,0,0
2,0.6,52,0,23.5,5.7,6.2,2.2,424,14.5,1.1,4.8,19.4,36,3.2,0,0,0
2,0.6,53,0,0,5.8,5.7,1.4,311.4,15.6,0.9,23.2,23,79.2,4.7,0,0,0
2,0.6,54,1,1.1,7,5.9,1,268.1,19.5,0,0,15.8,27.2,3.9,0,0,0
2,0.7,55,1,23.7,5.7,6,0.8,379,18.8,0.4,10.4,18.4,74.6,3.3,0,0,0
2,0.6,56,0,0.5,5.3,4.8,0.8,328.6,16.9,1.7,6.2,19.6,57.5,3.9,0,0,0
2,0.5,57,0,1.9,7.8,6,0.9,259.8,19.1,0,22.7,17.8,115.3,3.9,0,0,1
2,0.3,58,0,0.9,6,5.2,0.8,227.9,19.9,0,0,21.8,65.4,5,1,0,1
2,0.7,59,0,1.9,7.2,5.2,0.8,106,17.1,1.6,12.9,18.4,58.2,3.7,0,0,1
2,0.7,60,0,1.6,6.6,5,0.7,282,17.8,0.3,25.5,20.1,75.8,4.4,0,0,1
2,0.8,61,1,2.5,8.4,5.9,0.9,441.9,14,0.7,13.9,18.4,70.9,2.9,0,0,1
2,0.6,62,1,1.2,8.2,6.9,0.6,379.5,20.9,1.2,5.6,19.6,14.8,4.4,0,0,1
2,0.7,63,0,2,8,6,0.5,276.5,17.4,0.7,6.8,17.5,94.3,3.2,0,0,1
2,0.7,64,0,0.6,6.2,5.5,0.6,301.4,19.5,0.5,29.1,19.8,39.2,5,0,0,1
2,0.6,65,0,22.3,4,5.7,1.3,186,20,0.6,0,21.1,95.3,3.9,0,0,1
2,0.7,66,0,23.1,4.9,5.8,1.4,242.3,19.2,0,0,20.7,50.2,2.5,0,0,1
2,0.7,67,0,1.3,6.6,5.3,1.4,409.2,16.1,0,30.4,19.6,56.1,5,0,0,1
2,0.7,68,1,0.8,6.5,5.7,1.2,255,17.5,1.2,27.1,18.6,76.6,3.5,0,0,1
2,0.7,69,1,23.3,5.5,6.2,1.2,390.2,17.2,1.5,9.9,19.7,33.6,2.5,0,0,1
2,0.6,70,0,0.2,5.5,5.3,1,207.3,18,0,13.2,20,42.5,3.7,0,0,1
2,0.7,71,0,0.3,5.7,5.4,1,224,17,0.4,8.4,20.4,48.4,4.4,0,0,1
2,0.7,72,0,2.1,7.6,5.5,1,305.8,14,0.7,27.3,18.8,42.7,2.8,0,0,0
2,0.6,73,0,23.9,4.3,4.4,0.9,144.8,15.4,1.4,29,20.9,72.6,3.9,0,0,0
2,0.6,74,0,1.6,7.3,5.7,0.9,244.1,18.3,0,18,19,77.7,3.9,0,0,0
2,0.7,75,1,2.4,8.1,5.7,1.1,393.9,14.9,1,0,23,58.6,4.4,0,0,0
2,0.5,76,1,2.7,9.7,7,1.1,165.2,21,1.1,2.3,22.3,30.9,4.9,0,0,0
2,0.6,77,0,1.8,7.3,5.5,1,184.7,17.8,0,19.9,22.4,100.9,5,0,1,0
2,0.7,78,0,3.9,9,5,1.1,299.2,17.2,0,0,19.9,69.6,4.1,0,1,0
2,0.5,79,0,23.5,4.5,5,1.5,449.4,19.3,0.8,1.7,20.9,35.2,5,0,1,0
2,0.7,80,0,23.5,4.5,5,1.5,272.3,16.4,2.8,31.9,19.7,48.2,4.5,0,1,0
2,0.6,81,0,2.3,6.8,4.5,1.5,335.3,19.5,1.6,9,20.5,35.8,5,0,1,0
2,0.5,82,1,1.1,7.5,6.3,1.5,316.1,15.6,0.8,0,17.2,101.1,5,0,0,0
2,0.6,83,1,23.2,4.8,5.6,1.6,58.6,16.7,0.7,0,20.6,73.6,5,0,0,0
2,0.7,84,0,23.7,5,5.2,1.7,281.7,16.2,1.1,16.1,20.7,47.1,4.1,0,0,0
2,0.6,85,0,0.3,6,5.7,1,347.1,22.1,0,0,23,84.1,4.2,0,0,0
2,0.7,86,0,1.9,6.6,4.7,1.1,284.1,17.2,1,4.1,17.8,42.9,4,0,0,0
2,0.6,87,0,1.5,7,5.4,1.1,483,20.5,1.9,32.2,15.4,91.5,5,0,0,0
2,0.5,88,0,2,6.6,4.6,1,501.4,20.3,1.2,2.4,17.8,86.4,5,0,0,0
2,0.6,89,1,3.9,9.4,5.5,1.5,463.8,22.8,0.3,18.5,18.6,100.3,3.7,0,0,0
2,0.6,90,1,2.9,8.7,5.8,1.3,287.4,19.9,0,11,15.5,112.4,4.1,0,0,0
2,0.6,91,0,22.7,4.4,5.7,1.6,340.1,18.7,0.6,10.1,19.5,48.3,5,0,0,0
2,0.6,92,0,0.7,5.7,5,1.5,387.2,20.9,1.1,6.5,19.1,36.2,4,0,0,0
2,0.6,93,0,1.6,7.1,5.5,1.5,322.3,18.5,0.7,35.9,20.7,40,5,0,0,0
2,0.6,94,0,23.4,3.5,4.1,1.7,317.1,17.8,0.6,0,21.4,107.3,4.6,0,0,0
2,0.6,95,0,1,6.2,5.2,1.7,315.6,19.9,0.6,0,22.1,84.5,3.9,0,0,0
2,0.6,96,1,3.4,9.2,5.8,1.6,324.5,19.4,1.3,5.1,17.2,127.8,5,0,0,0
2,0.6,97,1,1.9,7.7,5.7,1.5,490.7,18.3,0.7,11,17.8,45.9,4.2,0,1,0
2,0.7,98,0,1.2,6.8,5.6,1.1,311.2,16.5,0,7.4,21,68.3,5,0,1,0
2,0.7,99,0,23,4.4,5.4,1.4,281.3,18.9,0,2.1,16.7,50.5,3.8,0,1,0
2,0.5,100,0,0.7,5.1,4.4,1.4,256.5,20.4,1.2,13.4,20.1,88.9,4.8,0,1,0
2,0.5,101,0,1.4,5.8,4.4,1.2,529.3,21.2,0.5,12.1,19.7,46.4,4.4,0,1,0
2,0.6,102,0,23.2,4.8,5.6,1.4,418.5,20.3,0,26.4,22,68.3,4.2,0,0,0
2,0.6,103,1,0.5,6.7,6.2,1,321.6,21.1,0.2,19.2,19.8,62.5,2.6,0,0,0
2,0.6,104,1,2.3,7.9,5.5,1.1,199.8,16.6,0,2.1,22.3,71.7,4.8,0,0,0
2,0.7,105,0,23.8,5.6,5.8,1.1,312.9,17.6,0,5.9,19.1,80.4,5,0,0,0
2,0.5,106,0,1.4,8,6.6,1,338,17.1,0.9,1.6,21.2,57.9,5,0,0,0
2,0.6,107,0,0.4,5.6,5.2,1,330.1,19.3,0.6,20.9,19.3,53.5,4,0,0,0
2,0.6,108,0,0.5,4.9,4.4,0.9,237.8,18.5,0,11.5,20.6,69.9,4.1,0,0,0
2,0.6,109,0,23.1,4.6,5.5,1,297.8,19.2,0,11.5,14.3,91.5,3.6,0,0,0
2,0.6,110,1,0.3,6.4,6.1,1,303.7,14.9,1.5,18,19.4,11.8,3.7,0,1,0
2,0.6,111,1,0.1,6.6,6.5,0.6,235,18,0.6,33.8,20.3,59.4,3.6,0,1,0
2,0.8,112,0,22.9,4.4,5.5,0.8,104.6,15.9,0,20.8,20.3,53.5,2.5,0,1,0
2,0.7,113,0,1.2,6.9,5.7,0.7,195.8,19.6,0,2.5,20.5,50.8,5,0,1,0
2,0.7,114,0,21.6,2.9,5.3,1.1,78,17.8,0.1,3.9,19.3,83.6,4.1,0,1,0
2,0.7,115,0,0.1,5.3,5.2,1.1,171.9,23,0.7,18.8,20.1,79.8,2.7,0,1,0
2,0.7,116,0,0.3,5.4,5.1,1.1,307.4,16.2,0.5,12.2,22.7,61.2,4.1,0,0,0
3,0.6,0,0,1.3,8.4,7.1,0.2,102.2,17.8,0.9,4.9,18.7,135.3,3.6,0,0,0
3,0.7,1,0,1.6,8.5,6.9,0.1,210.8,17.9,1.2,19.1,17.9,95.2,3.1,0,0,0
3,0.7,2,0,1.4,7.4,6,0.1,303.8,16.4,0.7,23.7,22.7,91.1,2.4,0,0,0
3,0.8,3,0,2,8.6,6.6,0.3,191.4,15.4,3.3,14.9,18,126.9,3.8,0,0,0
3,0.4,4,0,0.9,7.3,6.4,0.3,223.9,17.6,0.7,0,23,85.3,3.3,1,0,0
3,0.3,5,1,1.1,11.5,10.4,0.4,210.9,14.8,0.3,0,21.4,44.6,2.9,1,0,0
3,0.5,6,1,0.6,10.3,9.8,0.4,259.6,15.3,2.2,20.6,21.6,110.6,3.6,0,0,0
3,0.7,7,0,0.6,7.6,7,0.5,294.1,14.2,0.8,20.2,19.7,94.4,2.9,0,0,0
3,0.7,8,0,23.8,6.5,6.7,0.6,38.6,16.5,1.3,26.3,20,44.2,4.6,0,0,0
3,0.8,9,0,0.2,7,6.8,0.7,165.6,14.8,1.4,21.6,18.2,93,2,0,0,0
3,0.7,10,0,2.9,10.5,7.7,0.9,24.3,13.3,0.8,18,17.1,79.6,2.3,0,0,0
3,0.7,11,0,0.6,7.3,6.7,0.9,150.1,15.6,1.3,28,20.2,59.2,3.6,0,0,0
3,0.5,12,1,1.7,11.8,10.2,1,225.5,18.2,0.7,36.6,19.4,93.5,3.2,0,0,0
3,0.5,13,1,3.8,14.1,10.3,1.4,165,15.2,0.3,38.5,17.8,37.4,2.4,0,0,0
3,0.7,14,0,3.3,10.5,7.2,1.5,134.3,12.5,1.7,11.3,22.9,79.7,3.6,0,0,0
3,0.7,15,0,0.6,7.1,6.5,1.4,71,17.1,0,14.7,20.4,102.7,2.9,0,0,0
3,0.7,16,0,1.2,8.1,6.9,1.2,224.9,17.9,0.4,3.9,19.8,117.7,2.3,0,0,0
3,0.8,17,0,0.7,7.5,6.8,1.2,186.3,12.1,0,36.2,22.3,75.1,3,0,0,0
3,0.7,18,0,0.4,7,6.6,1.3,133.8,17.8,0,17.9,16,110.2,3,0,0,0
3,0.6,19,1,1.3,11,9.7,1.3,0,14.1,0.7,24.8,19.5,69.2,2.8,0,0,0
3,0.6,20,1,1.4,11.2,9.7,0.9,269.2,15.5,1.8,34.8,18.9,75.1,2.8,0,0,0
3,0.7,21,0,1,8,7,0.4,81.2,14.1,2.9,17.9,17.6,93.5,3.5,0,0,0
3,0.7,22,0,0.6,7.2,6.6,0.4,63.2,16,1.1,42.2,19.2,82.2,5,0,0,0
3,0.7,23,0,1.3,7.6,6.2,0.4,108.1,13.2,0.5,21.1,17.6,72.8,3.3,0,0,0
3,0.7,24,0,23.8,6.7,6.9,0.6,83.5,17.1,4,26.8,19,63.2,2.3,0,0,0
3,0.6,25,0,0.3,7.2,6.9,0.6,258.5,16.9,2.7,20.7,17.2,74.9,1.7,0,0,0
3,0.7,26,1,1.3,10.9,9.6,0.6,285.4,14.8,1.1,27.7,20.2,78.1,1.7,0,1,0
3,0.5,27,1,0,9.4,9.4,0.6,55.2,19.2,3.2,14.3,16.6,77.7,2.7,0,1,0
3,0.7,28,0,1.2,8.2,7,0.6,182.6,15.5,0,28,19,108.7,1.9,0,1,0
3,0.7,29,0,23.8,6.2,6.4,0.7,212.9,17,1.9,24.8,19.4,99.1,3.1,0,1,0
3,0.7,30,0,0.5,7.1,6.6,0.6,101.4,17.7,2,19.4,21.4,83.3,3,0,1,0
3,0.7,31,0,1.7,9.2,7.6,0.6,19.8,14.5,0.8,35.7,21.4,74,2.2,0,0,0
3,0.6,32,0,0.9,7.4,6.6,0.6,176.4,19.9,1.7,23.8,18.5,116.5,2.9,0,0,0
3,0.6,33,1,1.9,11.6,9.7,0.7,96.4,16.8,1.1,11.7,20.1,117.9,2.2,0,0,0
3,0.6,34,1,2.5,12.9,10.4,0.8,260.1,15.5,0.5,25.6,17.5,95.8,3.2,0,0,0
3,0.6,35,0,1,8.5,7.6,0.8,152.1,19.5,1.8,16.1,19,95.9,1.9,0,0,0
3,0.6,36,0,23.9,6.3,6.3,0.8,114.9,17.6,0.6,22.4,16.8,102.6,3.5,0,0,0
3,0.8,37,0,2.8,9.4,6.6,0.9,158.8,14.7,0.6,21.1,18.7,41.7,2.2,0,0,0
3,0.7,38,0,1.2,7.8,6.5,0.9,222.3,16,2.1,26.9,19.7,87,4,0,0,0
3,0.7,39,0,1.8,8.7,6.9,0.9,116,16.6,1.2,10.1,18.9,18.5,2.8,0,0,0
3,0.5,40,1,2.2,12.1,9.9,0.9,0,13.7,0.3,33.3,20.5,73.9,3.8,0,0,0
3,0.5,41,1,23.7,9.4,9.7,1.1,212.8,21.2,0.9,10.8,17.6,101.5,3.7,0,0,0
3,0.7,42,0,1.3,8.1,6.8,1,172,14.5,2.7,15.8,20.4,123.3,4.2,0,0,0
3,0.7,43,0,1.3,8.2,6.9,0.9,115,17.4,0,12.7,21,63.8,2.4,0,0,0
3,0.7,44,0,23.9,6.7,6.8,0.9,185,17.8,0.7,32.1,18.5,55.7,3.8,0,0,0
3,0.6,45,0,0.7,7.5,6.7,0.9,117.4,19.2,1,7.9,19.5,188.6,3.2,0,0,0
3,0.7,46,0,23.1,6.5,7.4,1,299.6,15.9,0,15.2,21.6,59.8,2.5,0,1,0
3,0.5,47,1,3.3,13.4,10.1,1.3,67,17.4,1.1,23.6,17,92.2,4.3,0,1,0
3,0.5,48,1,0.2,10,9.7,1.2,188.7,16.9,0,10.6,22.2,155.7,3,0,1,0
3,0.6,49,0,0.5,7.5,7.1,1.2,109.1,20.9,1.8,29.9,22.9,59.7,3.2,0,1,0
3,0.6,50,0,1.1,7,5.9,1.2,103.4,11.8,1.3,45.4,23,111.6,3.9,0,1,0
3,0.8,51,0,1.1,7.6,6.6,1.2,198.8,15.9,0.7,36.6,21.2,136.6,2.7,0,0,0
3,0.6,52,0,4.3,11.1,6.8,1.7,189.3,17.1,3.5,30.9,21.1,75.2,4.4,0,0,0
3,0.7,53,0,0.7,7.6,6.9,1.4,162.2,14.3,0,11,19.4,91.5,3.4,0,0,0
3,0.6,54,1,1,11.5,10.5,1.3,31.4,14.5,1.8,0,21,73.9,3.2,0,0,0
3,0.6,55,1,1.9,11.8,9.9,1.2,126.6,14.4,1.1,33.9,18.7,52.5,3.3,0,0,0
3,0.7,56,0,0.5,7.5,7.1,1.2,213.6,15.7,0.4,8.5,21.5,108.9,2.6,0,0,0
3,0.7,57,0,0.2,7.5,7.4,1.3,112.4,15.9,1.2,14.7,16.2,123.4,3.1,0,0,1
3,0.7,58,0,0.2,6.7,6.4,1.4,277.4,15.8,0.4,33.2,17.7,85.3,3,0,0,1
3,0.7,59,0,1.1,8.5,7.4,0.6,182.8,16.3,0.8,23,18.9,103.4,2.6,0,0,1
3,0.8,60,0,0.2,8.2,8,0.6,55.3,16.5,0,14.7,20.9,102.1,1.6,0,0,1
3,0.4,61,1,3.7,13.2,9.5,1.2,170.6,15.2,1.9,0,21,69.9,3.1,0,0,1
3,0.6,62,1,1.8,12,10.2,1.2,79.6,16.4,0,7.7,17.6,74.1,2.6,0,0,1
3,0.6,63,0,1.1,8.1,7,1.2,134.1,14.9,0,31.6,19.8,80.9,3.6,0,0,1
3,0.7,64,0,23.8,6.2,6.5,1.2,284,18.1,0,1.8,18.8,45.3,4.6,0,0,1
3,0.6,65,0,0.2,6.9,6.7,1.2,210.6,15.4,0.5,27.3,16.1,90.5,4,0,0,1
3,0.7,66,0,23.8,6,6.2,1.3,164.6,15.2,0,4.8,18.9,64.4,4.2,0,0,1
3,0.7,67,0,0.3,7.6,7.3,1.3,156.1,12.5,2.2,18.4,20.3,80.1,2.3,0,0,1
3,0.4,68,1,3.1,12.9,9.8,1.1,60.5,14,1.1,0,16.3,35.3,4.1,1,0,1
3,0.3,69,1,1.6,11.4,9.8,1.1,117.4,16.1,0,0,19,85.2,2.8,1,0,1
3,0.4,70,0,3,9.9,6.9,1.4,93.7,16.7,0.8,22.3,20.8,84.6,4.2,1,0,1
3,0.7,71,0,0.1,6.9,6.8,1.3,285,18.2,0.1,26.2,19.5,107.7,3.3,0,0,1
3,0.6,72,0,1.2,7.7,6.5,1.3,176.1,16.3,0.2,40.3,17.1,75.4,4.4,0,0,0
3,0.8,73,0,23.9,6.2,6.3,1.2,63.9,15.1,0,22.9,18.1,117.6,2,0,0,0
3,0.7,74,0,2.2,8.8,6.5,1.2,89.4,14.2,1.4,16.9,18.7,62.5,3.1,0,0,0
3,0.4,75,1,2,12,10,1,213.7,18.6,2,0,20.6,135.8,3.9,0,0,0
3,0.5,76,1,2.3,12.3,10,1.1,177.7,15.4,2,21.5,20.8,78.6,5,0,0,0
3,0.7,77,0,1.5,8.3,6.7,0.9,232.1,17.6,1.3,48.3,21.6,111.6,4.3,0,1,0
3,0.7,78,0,23.7,6.1,6.5,1,220.8,16.7,0.9,29,19.8,119.6,3.9,0,1,0
3,0.6,79,0,1.2,7.5,6.3,1,264.6,18.4,2.7,18.4,18.9,93.8,3.7,0,1,0
3,0.3,80,0,2.8,8.5,5.7,1,246.2,23,0,0,19.7,110.2,1.8,1,1,0
3,0.3,81,0,23.8,5.5,5.7,1.1,159.7,16.2,0.4,0,19.3,78.6,4.4,1,1,0
3,0.5,82,1,1.1,10.4,9.3,1.1,220.4,17,1.7,16.1,22.3,12.8,4.3,0,0,0
3,0.5,83,1,2.2,12.4,10.2,1.1,216,16.8,0.2,10.7,16.7,82,4.9,0,0,0
3,0.6,84,0,1.2,7.5,6.3,1.1,265.9,19.4,1.6,25.9,19.5,117.3,3,0,0,0
3,0.6,85,0,1,7.5,6.5,0.9,131.9,21.1,0.4,11.6,14.1,89.2,4.7,0,0,0
3,0.6,86,0,1.4,7.2,5.8,0.9,195.9,20.6,0.4,19.3,20.6,90.3,3.6,0,0,0
3,0.8,87,0,1.1,7.2,6.2,0.6,67.8,19.1,1.3,0,17.9,108.8,3.5,0,0,0
3,0.7,88,0,2.8,9.3,6.6,0.6,198.4,14.7,1,0,20.2,106.2,2.7,0,0,0
3,0.5,89,1,3,12.5,9.5,0.8,128.2,21.7,0,20,21.1,116.2,3.9,0,0,0
3,0.5,90,1,1.4,11.5,10.1,0.8,152.1,16.9,0.4,10.3,19.3,149.7,3.4,0,0,0
3,0.7,91,0,2.3,8.6,6.3,0.8,243.8,15.9,2.1,5.8,15.5,51.3,2,0,0,0
3,0.7,92,0,1.6,8.4,6.8,0.7,80.7,14.5,1.7,13.3,17.7,82.9,4.4,0,0,0
3,0.7,93,0,23.7,6.4,6.7,1.1,172.9,13.8,1.5,26.5,19.2,110.9,3.2,0,0,0
3,0.6,94,0,1.1,6.8,5.7,1.1,284,14.3,1.9,1.4,18.4,157.5,3.1,0,0,0
3,0.7,95,0,1.5,7.6,6.1,1,221.5,12.5,0.8,0,21.2,60,3.3,0,0,0
3,0.4,96,1,0.8,10.6,9.8,0.8,229.1,18.9,1.6,28,16.5,134.8,5,0,0,0
3,0.5,97,1,3.5,12.8,9.3,1.1,184.8,13.7,0,20.7,18.5,112.8,5,0,0,0
3,0.6,98,0,2,8.9,6.9,1.1,132.6,20.7,0.9,0,17.4,116.9,3,0,0,0
3,0.6,99,0,0.1,6.3,6.2,1.2,235.8,14.5,0,12.1,19.3,120.3,4.4,0,0,0
3,0.6,100,0,0,7,7,1.1,259.7,16.4,0,16,17.8,123.2,4.5,0,0,0
3,0.7,101,0,1.1,7.2,6.1,1.1,164.8,13.6,0,4.3,16.7,149.5,2.9,0,0,0
3,0.6,102,0,2.3,8.3,6,1.2,145,14.5,0.7,0,15.6,134.6,4.4,0,0,0
3,0.5,103,1,0.4,10.4,9.9,1.2,179.2,11.7,2.2,33.4,19,109.4,4.2,0,0,0
3,0.6,104,1,1.4,11.1,9.7,0.8,175.2,18.2,0.6,2.2,15.2,89.3,3.4,0,0,0
3,0.8,105,0,2.3,8.8,6.4,0.9,252.2,18.5,0,1.1,18.6,122.4,2.4,0,0,0
3,0.7,106,0,1.2,7.7,6.5,0.8,242.8,17.1,3.1,10.9,17.4,124.6,3.3,0,0,0
3,0.7,107,0,0.6,7,6.4,0.7,202.6,15.8,0.6,20.1,20.4,102.6,3.6,0,0,0
3,0.7,108,0,1.6,7.9,6.3,0.7,137,16,2.8,25.8,23,62,2.7,0,0,0
3,0.8,109,0,1.2,7.8,6.7,0.6,119.3,17.2,0.6,0,18.1,34.5,3.1,0,0,0
3,0.3,110,1,0.9,10.2,9.3,0.5,103.4,14.3,0,24.3,18.9,133.5,3.3,1,1,0
3,0.4,111,1,3.2,11.7,8.5,0.8,210.8,15.2,0,0,21.5,65,2.9,1,1,0
3,0.4,112,0,1,8.3,7.3,0.8,140.6,16.4,0,1.2,20,113.1,3.1,1,1,0
3,0.7,113,0,1,7.6,6.6,0.8,126.5,14.1,0,0.2,18.6,55,2.7,0,1,0
3,0.7,114,0,1.5,8.2,6.7,0.7,121.5,15.2,1.3,11.4,17.6,111.5,3.5,0,1,0
3,0.6,115,0,2,7.8,5.8,0.8,230.8,17.1,0.8,16.7,19.7,111,1.7,0,1,0
3,0.7,116,0,0.2,7.8,7.6,0.9,98.2,16.9,0.1,17.8,20.5,108.7,3.7,0,0,0
4,0.8,0,0,22.5,6,7.5,0.2,225.8,13.6,0.7,124.9,15.3,62.1,3,0,0,0
4,0.8,1,0,22.1,5.6,7.5,0.2,124.2,15.9,0.5,67.1,16.1,18,1.9,0,0,0
4,0.5,2,0,21.8,5.9,8.1,0.3,73.5,17.2,0.2,30,17.5,40.5,3.1,1,0,0
4,0.6,3,0,21.7,5.3,7.5,0.3,133,11.2,0.6,56,18.8,54.5,1.8,1,0,0
4,0.5,4,0,23.7,6.8,7.1,0.7,96.6,12.9,1.4,12.6,15,17,3,1,0,0
4,0.6,5,1,23.7,8.5,8.8,0.8,81.1,11.2,2.8,79,17.1,9.2,2.9,0,0,0
4,0.7,6,1,23.2,8.4,9.2,0.8,150.7,13.9,0,71.5,15.4,56.6,2.7,0,0,0
4,0.8,7,0,22.2,5.8,7.6,0.8,146.1,13.5,0.7,48.5,16.7,42.1,2,0,0,0
4,0.8,8,0,22.8,6.9,8.1,0.8,163.8,17.8,0,50.4,16.1,26.3,2,0,0,0
4,0.8,9,0,22.1,5.8,7.7,0.7,152.4,15.6,0,62.7,14.6,31.3,1.6,0,0,0
4,0.7,10,0,22.5,5.9,7.4,0.6,142.1,14.2,0,59.5,16.6,55.7,3,0,0,0
4,0.8,11,0,22.7,7,8.2,0.5,166.7,13.9,0,86.4,17.3,17.1,2.9,0,0,0
4,0.7,12,1,22.6,7.5,8.9,0.4,0,13,0.6,84.3,18.3,60.1,3.8,0,0,0
4,0.8,13,1,22.4,7.2,8.8,0.2,111.3,15.3,0,70.7,17,19.6,1.3,0,0,0
4,0.7,14,0,22.6,7.2,8.6,0.2,47.2,12.7,0.9,108.5,15.4,45.6,2.1,0,0,0
4,0.8,15,0,23,6.7,7.8,0.3,115.5,15,0.1,53.9,18,57,1.6,0,0,0
4,0.8,16,0,22.1,5.8,7.7,0.2,163.1,13.8,0,76.6,16.7,38.3,2.7,0,0,0
4,0.7,17,0,0.3,7.8,7.6,0.7,193.8,15.4,2,43.5,16.6,52.7,1.8,0,0,0
4,0.8,18,0,23.6,8.1,8.5,0.7,114.4,14.3,4.2,79.7,21.5,0,2.9,0,0,0
4,0.8,19,1,22.8,6.9,8.2,0.7,119.5,9.7,0.9,103.8,17.1,0,3,0,0,0
4,0.6,20,1,21.3,6.4,9.1,0.9,73.5,11.2,0.5,84.8,14.7,20.1,2.3,0,0,0
4,0.7,21,0,22.4,6,7.6,0.9,129.3,14.9,0.7,68.4,16.8,35.7,2.3,0,0,0
4,0.7,22,0,22.1,5.9,7.7,0.9,141.2,14.3,0.3,66.8,17.1,34.2,3.1,0,0,0
4,0.8,23,0,22.2,6.5,8.3,0.9,71.9,12.3,0,113.3,18.4,62.6,2.1,0,0,0
4,0.8,24,0,22.7,7,8.3,0.7,133.7,13.4,0,28.8,16,30.4,1.6,0,0,0
4,0.8,25,0,22.6,7,8.4,0.5,76.2,15.8,0,84.6,23,21.7,3.2,0,0,0
4,0.7,26,1,23.1,8,8.9,0.5,128.3,14.6,0,61.4,19.1,30.6,3.5,0,1,0
4,0.6,27,1,21.9,6.5,8.6,0.4,156.4,10.8,1.4,94.1,18.1,39.4,3.1,0,1,0
4,0.8,28,0,22,5.2,7.2,0.4,112.9,14.9,0.8,102.9,18.8,14.7,2.2,0,1,0
4,0.7,29,0,23.6,6,6.4,0.6,151.2,13.1,2,66.3,17.3,28.1,2.5,0,1,0
4,0.6,30,0,23,6.4,7.4,0.6,216.1,14.5,1.4,71.1,18.9,39.6,1.9,1,1,0
4,0.7,31,0,23.9,8.1,8.2,0.7,65.4,14.9,3.8,55.6,17.7,58.8,2.2,0,0,0
4,0.7,32,0,22.7,6.4,7.7,0.7,224.1,15.1,3,94.3,16.2,46.3,2.1,0,0,0
4,0.6,33,1,22.1,7,8.9,0.7,173.1,19,0.2,61.5,15.4,15.4,2.3,0,0,0
4,0.7,34,1,22.3,7.3,9,0.7,41.5,13.1,0.3,74.7,16.8,47.3,3.6,0,0,0
4,0.8,35,0,22.9,6.6,7.7,0.6,179,15.4,0,54,16.2,50.5,3.5,0,0,0
4,0.8,36,0,21.9,5.9,8,0.6,146.5,13,0,67.8,18.4,33.2,4.4,0,0,0
4,0.8,37,0,21.8,5.4,7.6,0.7,181.1,13.2,0,107,17.8,29.1,2.4,0,0,0
4,0.7,38,0,23.9,8.3,8.4,0.7,107.1,15.8,4.8,104.7,17,69.5,2.8,0,0,0
4,0.8,39,0,22.3,6.2,7.9,0.7,214.5,13.7,0.5,53.4,17.1,33.7,2.9,0,0,0
4,0.7,40,1,22.9,7.9,9,0.7,144.9,13.6,0.3,117.7,21,12.8,2.3,0,0,0
4,0.6,41,1,22.9,7.8,8.9,0.7,81.9,13.7,0.5,35.4,16,34.4,2.9,0,0,0
4,0.8,42,0,22.7,5.9,7.2,0.7,0,12.5,1.2,52.8,16.7,42.5,1,0,0,0
4,0.8,43,0,22.5,6,7.5,0.6,69.9,15.7,0,106,17.1,28.8,3.9,0,0,0
4,0.8,44,0,22.4,5.7,7.3,0.5,126.7,17.1,0.9,79.4,16.7,30.1,2.1,0,0,0
4,0.8,45,0,23.3,7,7.6,0.3,108.6,15.5,1.8,71,16.2,14.2,2.6,0,0,0
4,0.4,46,0,23.5,6.3,6.8,0.4,43.9,14.1,3.8,83.7,15.1,12.5,3.5,1,1,0
4,0.8,47,1,22.8,7.3,8.5,0.4,110.9,14,0,71.3,18.4,31.6,1.9,0,1,0
4,0.8,48,1,23.3,7.2,8,0.4,199.2,14.9,0.3,59.1,16.2,43.6,4.1,0,1,0
4,0.9,49,0,21.7,5,7.2,0.6,162.7,14.1,1.2,61.7,18.1,22.8,1.4,0,1,0
4,0.8,50,0,22.7,6.3,7.5,0.6,90.5,12.2,0.3,102.5,19,59.6,2.7,0,1,0
4,0.9,51,0,21.8,5.7,7.9,0.7,67,12.1,0,94.9,17.2,67,1.7,0,0,0
4,0.4,52,0,21.3,3.9,6.6,0.8,60.6,15.7,0,34.6,15.4,38.4,4.1,1,0,0
4,0.5,53,0,22.2,6.2,7.9,0.7,40,14.5,0,98.4,18.2,37.9,3.5,1,0,0
4,0.7,54,1,23,7.7,8.7,0.7,171.9,13.7,0.3,38.7,17.7,37.4,2.2,0,0,0
4,0.7,55,1,22.8,7.6,8.8,0.6,160.5,14.2,0,22.9,16,36.4,4,0,0,0
4,0.9,56,0,22.2,6.2,8,0.6,91.7,12.9,0,107.2,16.5,26.3,3.8,0,0,0
4,0.6,57,0,22.2,5.2,7,0.5,63.1,16.1,0.7,59.1,17.2,39.8,2.9,0,0,1
4,0.8,58,0,23.4,7,7.6,0.6,192.9,10.7,0.2,45,19,36.1,1.8,0,0,1
4,0.7,59,0,21.9,4.8,6.9,0.5,166.5,10.5,0.2,100.2,14.9,60.9,2.2,0,0,1
4,0.8,60,0,21.7,6,8.3,0.6,149.3,13.8,0.1,71.5,17.7,12.3,1.8,0,0,1
4,0.7,61,1,22.3,7.7,9.4,0.5,116.5,11.1,1.6,55.6,18.5,27.8,1.9,0,0,1
4,0.7,62,1,23,8.1,9.1,0.6,104.1,14.2,0,97.6,15.3,30.4,3,0,0,1
4,0.8,63,0,22.4,6,7.6,0.6,169.2,12.9,0.4,75.3,18.1,27.2,2.2,0,0,1
4,0.9,64,0,21.9,5,7.1,0.6,90.8,16.4,0.5,62.9,17.7,14.6,2,0,0,1
4,0.8,65,0,22.3,6,7.7,0.4,159.5,16.1,0,80.5,18.7,9.9,1.6,0,0,1
4,0.8,66,0,23.2,7.1,8,0.5,56.9,15,2.6,69.9,18.4,89.6,2.3,0,0,1
4,0.7,67,0,22.9,7.5,8.6,0.4,151,19.1,1,46.1,17.9,12.8,2.5,0,0,1
4,0.7,68,1,23.5,8.1,8.7,0.5,57,10.6,0,77.8,18.5,17.1,2.2,0,0,1
4,0.7,69,1,23.3,8.4,9.1,0.6,101,16.6,0,89.2,18.4,61.7,4,0,0,1
4,0.9,70,0,21.9,5.5,7.5,0.6,173.7,11.6,0.3,77.6,16.1,27.8,2.1,0,0,1
4,0.8,71,0,23.1,6.8,7.7,0.5,129.1,13.7,0,34.5,14.3,52.6,2.4,0,0,1
4,0.9,72,0,22.7,6,7.3,0.5,75.8,12.3,1.5,83.9,16.3,36.9,1.7,0,0,0
4,0.9,73,0,23.2,6.8,7.6,0.5,164.4,15.6,1.4,54,19.4,20.6,2.1,0,0,0
4,0.8,74,0,21.9,5.6,7.7,0.6,154.4,18.2,0.1,78.2,16,42.3,2.7,0,0,0
4,0.7,75,1,22.4,7,8.6,0.5,148.2,18.1,1.7,37.4,16,12.9,3.5,0,0,0
4,0.8,76,1,21.8,6.8,9,0.5,159.7,16.3,0,75.6,15.2,25.2,1.5,0,0,0
4,0.9,77,0,21.9,5.5,7.6,0.5,102.7,11.2,0,109,15.8,39.5,0.6,0,1,0
4,0.8,78,0,22.9,6.8,7.9,0.5,57.6,16.6,0.3,52.4,17.3,42.8,3.9,0,1,0
4,0.5,79,0,22.5,6.3,7.8,0.5,147.2,17.5,1.4,21.7,17.8,40.8,2.8,1,1,0
4,0.6,80,0,22.9,6.9,8,0.4,161.6,11.9,0.6,98,19,0,2.1,1,1,0
4,0.5,81,0,22.2,5.4,7.2,0.4,118.5,14.1,0,86.6,15.5,4.7,5,1,1,0
4,0.7,82,1,0.3,9.5,9.2,0.8,173.6,13.1,0.6,58.8,17.7,41.3,0.6,0,0,0
4,0.8,83,1,23,7.2,8.3,0.7,178.6,15.6,1.4,90.2,16.6,51.9,0.7,0,0,0
4,0.8,84,0,23.2,7.2,8,0.6,40.2,16.9,0,46.5,16.8,52.1,3.4,0,0,0
4,0.8,85,0,23.2,6.7,7.4,0.6,0,12.4,0,68.5,17.1,44.4,2.3,0,0,0
4,0.7,86,0,22.6,5.5,6.9,0.6,95.2,16.6,1,104.3,15.8,32.3,3.4,0,0,0
4,0.8,87,0,22.8,6.4,7.6,0.6,146.9,10.5,1.6,85.4,16.9,40.3,3.7,0,0,0
4,0.8,88,0,22.1,6.4,8.3,0.6,107.1,13.9,0,106.6,18.2,44.8,1.6,0,0,0
4,0.7,89,1,21.8,6.7,8.9,0.5,116.6,14.3,1.8,89.6,17,23.3,2.4,0,0,0
4,0.8,90,1,22.8,7.1,8.3,0.5,106.2,13.2,0,83.5,16.7,34.9,2.5,0,0,0
4,0.8,91,0,22.7,6.5,7.8,0.5,106.8,13.1,0,60.2,17.3,4.3,3.2,0,0,0
4,0.8,92,0,22.6,5.7,7,0.4,195.6,13.4,0.3,101.8,13.6,4.2,2,0,0,0
4,0.8,93,0,22.3,6.1,7.8,0.4,69.9,13.9,0.9,45.4,13.8,29.3,3.8,0,0,0
4,0.7,94,0,21.7,4.9,7.1,0.4,105.2,10.9,1.2,47.8,17.9,33,3,0,0,0
4,0.8,95,0,22.2,5.9,7.8,0.4,172.2,12.7,1.9,41.9,19.5,23.4,3.9,0,0,0
4,0.9,96,1,22.6,7.2,8.6,0.3,57,13.4,0.7,27.2,16.1,13.3,2.1,0,0,0
4,0.9,97,1,23.2,7.7,8.5,0.4,170.5,14,0.2,40.8,17.3,48.4,1.3,0,0,0
4,0.8,98,0,23.1,6.4,7.3,0.5,148.9,14.8,0.3,91.5,17.1,26,3.2,0,0,0
4,0.7,99,0,21.8,5.1,7.3,0.5,215.4,17.1,1.2,65.3,15.8,38.6,3.4,0,0,0
4,0.9,100,0,23.4,7.1,7.7,0.6,121.6,13.7,0,102.1,15.9,72.3,2.2,0,0,0
4,0.8,101,0,21.8,5.4,7.5,0.6,84.5,11.4,0,93.6,16.2,51.5,2.6,0,0,0
4,0.8,102,0,22.2,6.6,8.4,0.6,113.2,15.4,1,63.7,18.7,30.8,2.4,0,0,0
4,0.8,103,1,23.6,8.4,8.8,0.7,86.1,14,3.2,101.5,16.7,0,2.6,0,0,0
4,0.7,104,1,22.9,7.1,8.2,0.7,139.1,13.2,1.6,72.4,19.6,31.3,3.1,0,0,0
4,0.6,105,0,23,5.5,6.5,0.7,187.7,17.8,0.5,42.7,16.3,82.6,3.1,0,0,0
4,0.9,106,0,22.4,6.4,8,0.6,104.1,15.1,0,78.7,14.5,54.2,2.1,0,0,0
4,0.8,107,0,22.2,5.5,7.3,0.6,120.1,14.4,0,69.2,18.1,32.9,2.3,0,0,0
4,0.8,108,0,22.9,6.7,7.8,0.5,99.4,11.6,1.3,72.7,15.7,11.4,1.2,0,0,0
4,0.9,109,0,22,6.5,8.5,0.5,74,15.6,0,76,15.8,19.3,2.9,0,0,0
4,0.6,110,1,22.5,6.1,7.6,0.4,50.9,13.8,0.9,50.7,17,4.8,3.6,1,1,0
4,0.5,111,1,22.2,6.9,8.7,0.4,94.3,10.4,0,40.4,19.1,43.8,5,1,1,0
4,0.9,112,0,22.3,6.3,8,0.3,117.7,13.6,1,57,17.8,26,2.8,0,1,0
4,0.9,113,0,23.1,6.8,7.7,0.4,51.7,18.8,1.4,80.2,19.3,56,0.9,0,1,0
4,0.8,114,0,23.4,7.2,7.8,0.5,32.9,17.3,0.1,63.8,15.9,10,3,0,1,0
4,0.8,115,0,22.1,5.5,7.4,0.5,104.7,14.3,1.1,102.1,19.3,3.7,1.7,0,1,0
4,0.8,116,0,22,6,8,0.5,31.7,11.2,0.2,70.6,15.3,22.9,2.5,0,0,0
5,0.6,0,0,1.3,6.7,5.4,0.2,214.8,17.8,0.1,10.8,23,50.5,5,0,0,0
5,0.4,1,0,2.4,6.9,4.5,0.5,109,20.3,0.4,9.7,22.5,104.1,3.9,0,0,0
5,0.6,2,0,2.9,9.7,6.9,0.6,213.5,22.3,1.5,17.5,20.1,26.2,3.5,0,0,0
5,0.6,3,0,1.7,7.7,5.9,0.6,277.4,19.7,0.8,0,22.8,67.2,3.3,0,0,0
5,0.5,4,0,3.1,11.2,8.1,0.7,189.2,19.6,0.7,12.7,20.2,78.8,3.8,0,0,0
5,0.6,5,1,2.5,8.8,6.3,0.6,147.1,15.7,1.7,3.4,18.3,50,3.4,0,0,0
5,0.5,6,1,3.3,11,7.7,0.7,253.8,18.4,0,5.2,21.9,45.7,3.6,0,0,0
5,0.6,7,0,1.5,6.2,4.7,0.6,158.5,16,0,0,18.9,39.4,4.1,0,0,0
5,0.5,8,0,1.1,7.7,6.6,0.8,121.3,18.5,0,21.5,17.9,58.2,4.5,0,0,0
5,0.3,9,0,2.8,8,5.2,0.8,366.7,22.4,0,0,15.4,86.3,3.2,1,0,0
5,0.2,10,0,0.7,5.8,5.1,1,159.1,22.1,0,0,21.7,55.3,4.7,1,0,0
5,0.3,11,0,1.9,9.3,7.4,0.9,267.2,19.3,0,24.7,18.3,36.8,4.2,1,0,0
5,0.5,12,1,2.4,7.7,5.3,0.9,139.4,20.6,2.6,4.8,19.3,40,3.8,0,0,0
5,0.6,13,1,2,8.5,6.5,0.7,216.4,16.8,0,13.6,19.5,81.3,2.1,0,0,0
5,0.6,14,0,0.2,5.8,5.6,0.9,362.9,18.2,0.8,9.2,19.6,64.1,2.9,0,0,0
5,0.3,15,0,3.2,6.7,3.5,1,201.4,19.7,0.1,7.8,23,139.1,4.5,1,0,0
5,0.3,16,0,24,4.5,4.5,1.1,77,17.7,0,0,21.4,118,3.2,1,0,0
5,0.6,17,0,24,6.6,6.6,1.2,163.9,15.1,1.3,8.2,21.7,68.6,3.7,0,0,0
5,0.5,18,0,3.1,10,7,1.4,268.7,19.6,0,4.5,19.2,32.7,2.1,0,0,0
5,0.6,19,1,1.5,8.2,6.7,1.3,156.6,20.7,0.4,23.4,20,66.8,2.6,0,0,0
5,0.5,20,1,1.9,7.8,6,1.3,201.5,19.5,1.6,5.8,19.6,124.1,2.4,0,0,0
5,0.4,21,0,0.9,10,9,1.2,10.9,11.8,0.9,24.7,18,102.3,2.2,0,0,0
5,0.7,22,0,0.3,6.1,5.8,1.1,170.6,15.3,0.8,13.2,20.6,77.2,2.4,0,0,0
5,0.3,23,0,2.7,8,5.4,1.1,128.1,21.5,1.4,0,19.8,111.1,3.2,1,0,0
5,0.3,24,0,2.7,7.4,4.7,0.9,284.5,12.8,0,0,20.2,49.9,3.6,1,0,0
5,0.2,25,0,0.3,6.5,6.2,0.9,12.6,14.1,1,9,18.5,92.2,3.4,1,0,0
5,0.6,26,1,3.1,9.5,6.4,1.1,0,14.3,1.1,26.5,19.2,23.4,3.4,0,1,0
5,0.5,27,1,1.1,5.9,4.8,1.1,172.9,18.7,0,0,21.3,50.6,3.6,0,1,0
5,0.5,28,0,22.9,4.1,5.2,1.5,119.9,16.5,0,26.6,17.4,75.5,4.4,0,1,0
5,0.5,29,0,1.1,8,6.9,1.4,243.4,14.7,0,19.5,20.4,51.6,4.8,0,1,0
5,0.5,30,0,2.1,8.7,6.7,1.3,371.9,17.5,0,0,23,179.1,3.9,0,1,0
5,0.6,31,0,0.7,6.9,6.2,1.2,141.3,15,3.9,12.3,21,91.5,4.2,0,0,0
5,0.6,32,0,1,7.6,6.6,1.2,152.2,19.1,1.1,7.7,18.1,52.8,2.4,0,0,0
5,0.5,33,1,3.8,11.1,7.3,1.4,264.1,16.9,1.1,14.8,19.3,69.2,4.7,0,0,0
5,0.5,34,1,3.4,11.4,8,1.5,21.3,13.6,1.4,3.3,17.5,36.5,4.5,0,0,0
5,0.4,35,0,23.6,4.7,5.1,1.4,198.6,17.3,1.1,0,19.6,96.1,3.5,1,0,0
5,0.3,36,0,0.8,6.3,5.6,1.4,318,14.6,0,8.8,22.1,60.7,4.1,1,0,0
5,0.3,37,0,23.1,5,5.9,1.6,181.1,20.6,0,0,19.5,93.2,3.9,1,0,0
5,0.5,38,0,23.6,6.9,7.3,1.7,245.6,21,0,31.5,19.3,0,2.4,0,0,0
5,0.6,39,0,2.1,8.5,6.4,1.8,89.2,17.2,0.6,17.8,18.2,48.3,2.9,0,0,0
5,0.4,40,1,3.4,11.6,8.2,1.7,221,21,2.6,15.3,18.9,53.4,3.8,0,0,0
5,0.5,41,1,0.3,5.1,4.7,1.4,224.4,19.4,0.9,5.6,21.2,96,4.3,0,0,0
5,0.7,42,0,2.8,8.1,5.3,1.5,150.6,19.7,0,12.3,15.2,73.2,3.3,0,0,0
5,0.6,43,0,0.6,5.3,4.7,1.5,109.5,16.9,1.7,32.7,18.3,29.5,4.6,0,0,0
5,0.6,44,0,23.5,5.6,6.1,1.5,69.3,18.6,1.2,0,19,62.4,4.8,0,0,0
5,0.5,45,0,0.9,6.1,5.2,1.3,104.7,16,2.3,3.3,21.5,69.1,4,0,0,0
5,0.6,46,0,22.3,5.4,7.1,1.7,177.3,20.2,1.5,1,18.4,122.5,2.2,0,1,0
5,0.7,47,1,2.7,9.4,6.7,1.5,6.4,13.2,0,20.7,22.2,89.4,2.4,0,1,0
5,0.5,48,1,3.3,10,6.7,1.7,175.8,20.6,0.5,1.7,23,82.1,3.8,0,1,0
5,0.6,49,0,1,6.7,5.8,1.6,88.4,23,0.4,22.2,19,54.1,2.4,0,1,0
5,0.5,50,0,2.8,8.4,5.6,1.7,80.3,16.9,0,32.3,20.7,64.9,2.5,0,1,0
5,0.3,51,0,23.7,6.8,7.1,1.7,239.2,18.5,1,20.7,17.9,95,3.1,0,0,0
5,0.5,52,0,24,7.1,7.1,1.7,339.3,18.2,1.7,16.8,22.5,69.7,4.1,0,0,0
5,0.4,53,0,2.7,10.4,7.7,1.4,228.2,19.5,2.3,0,21.9,67.2,1.8,0,0,0
5,0.5,54,1,3.4,11.4,8,1.5,50.3,19.6,1.3,29.9,23,56.4,3,0,0,0
5,0.7,55,1,2,8.8,6.8,1.4,89.9,15.8,0,10.7,17.4,64.2,3,0,0,0
5,0.7,56,0,2.7,8.6,5.9,1.4,180.5,18.1,0,14.9,20.9,88.1,2.9,0,0,0
5,0.5,57,0,2.4,7.8,5.4,1.3,206.1,21.7,0,0,18.5,21.6,4.1,0,0,1
5,0.6,58,0,0.8,6.5,5.7,1.1,140.3,22,0,0,21,141.4,3.2,0,0,1
5,0.4,59,0,0.6,8.2,7.6,1,274.1,19.5,0,1.5,15,60.8,3.5,0,0,1
5,0.7,60,0,1.6,6.9,5.2,0.9,258.3,23,2.8,5,16.6,19.2,2.4,0,0,1
5,0.7,61,1,0.1,6.5,6.4,0.9,309,16.5,0,19.1,20.7,66.9,4,0,0,1
5,0.5,62,1,1.1,8.1,7,0.9,259.9,18.3,0.1,30.3,17,69.2,3.9,0,0,1
5,0.4,63,0,1.1,5.2,4.1,0.7,233.5,19.8,0.4,0,16.8,31.8,4.7,0,0,1
5,0.7,64,0,2.1,7.9,5.8,0.6,118,21.9,0.7,20.5,19.1,125.3,3.5,0,0,1
5,0.6,65,0,1.9,7.3,5.4,0.7,93.1,18.2,0,0,19.5,57.1,4,1,0,1
5,0.5,66,0,0.5,5.4,4.8,0.7,404,15.2,1.1,18,20.2,61.7,4.6,0,0,1
5,0.5,67,0,23.4,6,6.7,0.9,181.4,14.3,1,16.8,17.4,121.3,5,0,0,1
5,0.3,68,1,2.7,10.4,7.7,1,194,18.7,0.1,0,20,13,3.4,1,0,1
5,0.4,69,1,2.4,10.4,8,1.1,0,11.5,1,0,21.8,74.1,4.1,1,0,1
5,0.6,70,0,0.8,8.2,7.5,1.1,104.6,21.1,1.2,18.9,18.5,32,4.1,0,0,1
5,0.4,71,0,2.2,10,7.8,1.1,61.8,18.7,3,4.6,19.5,91.6,5,0,0,1
5,0.3,72,0,23.7,4.9,5.1,1.2,109.2,19.6,0.9,0,21.9,47.7,3.7,1,0,0
5,0.2,73,0,2.7,11,8.4,1.3,133.7,20.6,0.3,11.6,18.1,64,3.2,1,0,0
5,0.3,74,0,0.3,7.1,6.9,1.1,47.7,21.2,1.4,0,17.3,92.6,4.2,1,0,0
5,0.4,75,1,3.8,11,7.3,1.3,125.8,18.7,0.7,0,20.2,52.3,4.6,1,0,0
5,0.7,76,1,4.4,9.6,5.2,1.6,205.8,15.6,0,0.3,19.4,28.5,4.2,0,0,0
5,0.6,77,0,23.7,5.6,5.9,1.8,308.9,17.3,0,10.5,20.7,93,4.9,0,1,0
5,0.3,78,0,0.4,4.6,4.2,1.8,220.2,19.7,2,14.3,19.7,124.4,4.6,0,1,0
5,0.5,79,0,1.9,6.3,4.4,1.7,187.7,19.5,0,0,21.2,83.9,3.9,0,1,0
5,0.7,80,0,2,7.9,5.9,1.7,211.2,19.8,0.8,2.8,20.3,80.4,3.9,0,1,0
5,0.2,81,0,3,8.6,5.7,1.6,301.4,19.6,1.1,0,22,85.8,5,1,1,0
5,0.4,82,1,3.3,8.4,5.1,1.5,149.3,17.1,0,0,19.9,48.5,4.2,1,0,0
5,0.3,83,1,2.3,7.9,5.6,1.2,106.7,16.1,1.5,0,15.2,106.9,3.9,1,0,0
5,0.6,84,0,1.5,7.7,6.2,0.9,221.4,17.6,3.1,9.3,19.4,58,5,0,0,0
5,0.6,85,0,0.4,4.7,4.3,0.9,282.4,19.2,0,11.9,21.1,24.8,3.7,0,0,0
5,0.6,86,0,0.5,6.5,6,1,324.2,19.5,0,0,17.8,65,5,0,0,0
5,0.5,87,0,2.4,6.4,4.1,1.1,315.9,17.1,2.4,18.4,22,44.8,4.5,0,0,0
5,0.4,88,0,3,7.9,4.8,1.1,249.2,19.9,0.7,0,19.4,94.9,4.1,0,0,0
5,0.5,89,1,3.4,11.1,7.7,1.1,336.9,19.2,2.1,11.3,19.7,61.5,4.8,0,0,0
5,0.6,90,1,2,8.3,6.3,1.1,318.3,21.6,1.4,0,21.5,50,4.4,0,0,0
5,0.6,91,0,0.4,5.3,5,1.2,213.2,15.8,1.4,21.7,17.5,104.5,4.2,0,0,0
5,0.6,92,0,23.6,5.5,5.9,1.3,406.5,18.9,0.7,0,19.8,71.7,2.8,0,0,0
5,0.4,93,0,2.5,10.6,8.1,1.3,207.7,22.5,2.2,14.2,21,41.2,3.3,0,0,0
5,0.6,94,0,0.7,6.4,5.7,1.3,267,14.4,2.3,9.5,19.6,134.9,5,0,0,0
5,0.5,95,0,2.1,9,6.9,1.2,217,23,0.9,25.7,19.1,122.8,5,0,0,0
5,0.4,96,1,3,11.6,8.7,1.1,349.2,18.7,0.5,0,21.6,72.9,3.8,0,0,0
5,0.6,97,1,1.1,6.5,5.4,1.1,17.7,12.6,0.6,4.6,16.3,31.1,5,0,1,0
5,0.5,98,0,1.9,6.8,4.8,1.1,147.6,19.1,0.4,2.6,20.6,74.9,4.7,0,1,0
5,0.7,99,0,0.8,7.7,6.9,0.8,110.5,18.1,0,3.4,19.8,33,4.5,0,1,0
5,0.6,100,0,1.7,9,7.3,0.7,184.4,17,0.4,19.6,22.3,108.8,4.7,0,1,0
5,0.6,101,0,1.3,7.6,6.3,0.7,119,19.9,0.5,17.2,19.1,131.8,2.7,0,1,0
5,0.4,102,0,0.8,5.7,4.9,0.7,297.8,20.7,1.1,16.1,19.7,117.2,3.2,0,0,0
5,0.6,103,1,3.1,8.2,5.2,0.7,360,18.7,0,0,17.9,69,5,0,0,0
5,0.5,104,1,2.9,9,6.1,0.9,139,21.4,0.1,0,18.7,26.1,5,0,0,0
5,0.6,105,0,1.4,8.3,7,0.9,402.9,16.9,1,0,20.9,60.6,3.9,0,0,0
5,0.5,106,0,1.4,7.4,6,0.8,208.7,22.1,1.2,10.1,16.9,27,5,0,0,0
5,0.3,107,0,22.9,2.7,3.8,1.3,199.8,22.7,0,25.4,18.7,112.5,3.3,0,0,0
5,0.5,108,0,1.4,9.3,8,1.3,131.5,21.4,0.9,20.2,19.8,69.9,3.2,0,0,0
5,0.7,109,0,23.4,5.6,6.2,1.5,27.3,13.1,0.9,16.6,19.5,75.5,1.4,0,0,0
5,0.5,110,1,4.7,12.2,7.5,1.8,165,14.6,2.3,27.2,23,112.4,4.5,0,1,0
5,0.5,111,1,3.2,9.6,6.4,1.9,180.9,17.4,1.8,35,18.3,82.3,4,0,1,0
5,0.4,112,0,1.8,9.9,8,1.9,253.1,22.2,0.1,13.9,18.3,96.2,3.9,0,1,0
5,0.7,113,0,2.3,8.2,5.9,1.9,86.4,18.7,1.4,0,20.8,65.9,2.7,0,1,0
5,0.6,114,0,23.2,4.1,4.9,1.8,213.3,17.2,0,21.3,16,49.9,4.2,0,1,0
5,0.3,115,0,1.1,8.7,7.6,1.9,239.1,21.6,2,20.6,17.5,137.7,2.5,0,1,0
5,0.4,116,0,0.7,8.2,7.5,1.7,352.8,19.3,0.2,1.3,23,118.9,4.3,0,0,0
6,0.7,0,0,23.1,6.7,7.6,0.1,0,12.5,1.1,0,17.4,35.1,2.9,0,0,0
6,0.7,1,0,23.5,6.6,7.1,0.1,136.1,14.7,0,36.5,16.1,75.9,2.6,0,0,0
6,0.8,2,0,22.9,5.9,7.1,0.1,223.3,12.4,0.2,44.8,20.9,28.9,2.3,0,0,0
6,0.8,3,0,23.3,6.9,7.6,0.1,257.9,15.4,1.4,18.9,19.1,40.9,2.8,0,0,0
6,0.7,4,0,23.5,7.7,8.2,0.1,175.9,18,0,55.6,16.4,43.4,3.2,0,0,0
6,0.6,5,1,23.7,7.3,7.6,0.2,155.2,11.9,0.2,15.2,17.4,24,2.9,1,0,0
6,0.8,6,1,23.8,8.1,8.3,0.2,90.1,16.3,1.2,57.7,15.2,47.3,0.1,0,0,0
6,0.9,7,0,23.1,6.7,7.6,0.2,104.2,12.4,0.1,27.6,17,30.9,2,0,0,0
6,0.8,8,0,23.3,6.7,7.4,0.2,95.4,13.3,0,11.4,18.8,8.2,1.8,0,0,0
6,0.8,9,0,23.4,7,7.6,0.1,103.2,14.4,1.7,41.9,16.8,22.6,2.5,0,0,0
6,0.8,10,0,0.4,7.8,7.4,0.2,179.9,15.5,2.3,21.9,15.8,45.5,1.5,0,0,0
6,0.8,11,0,23.1,6.2,7.1,0.2,68.2,15.3,0.1,34.5,19.3,36.4,1.5,0,0,0
6,0.8,12,1,23.3,7.5,8.3,0.2,123.8,12.5,0,42.8,19.9,40.5,3.1,0,0,0
6,0.9,13,1,23.3,7.2,7.9,0.2,144.9,14.7,0.4,18.8,19,38,2.3,0,0,0
6,0.8,14,0,23.5,6.6,7.1,0.2,86,16.7,1.5,30.6,21.2,21.8,1.9,0,0,0
6,0.8,15,0,23,6.7,7.7,0.2,121.6,14.9,0.1,70.4,18.6,52.9,1.9,0,0,0
6,0.7,16,0,23.1,6.4,7.3,0.2,192.9,17.6,0,21.7,19.2,31,2.9,0,0,0
6,0.7,17,0,22.9,6.2,7.3,0.1,112.2,11.7,4.8,19.1,18.7,53.4,1.8,0,0,0
6,0.9,18,0,23.4,6.8,7.4,0.1,103.4,14.4,0,48,20.4,66.4,1.1,0,0,0
6,0.8,19,1,23.3,7.4,8.1,0.1,142.5,12.7,0.3,23.4,16,17.8,1.9,0,0,0
6,0.7,20,1,23.3,7.3,8,0.1,158.2,14.5,1.2,45.7,17.9,23.8,2.7,0,0,0
6,0.8,21,0,23.2,6.7,7.5,0.1,100.8,14,0.4,54.5,23,26.5,2.7,0,0,0
6,0.9,22,0,22.9,6.2,7.3,0.1,126.2,16.1,0,24.2,19.2,56.2,1.1,0,0,0
6,0.8,23,0,22.8,6.1,7.3,0.1,126.5,12.2,0.5,33.9,17.8,41.5,1.9,0,0,0
6,0.8,24,0,23.8,7.5,7.7,0.2,53.8,11.8,0.8,56.2,18.5,32.1,2.2,0,0,0
6,0.8,25,0,23.2,6.9,7.7,0.2,151,14.5,1.9,43.6,18,45.1,1.7,0,0,0
6,0.8,26,1,23.4,7.4,8.1,0.2,134.5,12.9,0,31.4,19.5,27,1.7,0,1,0
6,0.8,27,1,23.2,6.6,7.4,0.2,45.1,13.5,2.2,60.2,19.5,7.1,2.3,0,1,0
6,0.8,28,0,23.2,6.3,7.1,0.2,101.7,16.2,0,36.1,16.6,39.6,1.3,0,1,0
6,0.8,29,0,23.1,6.5,7.4,0.2,101.8,14.2,0,35.1,17.7,58.8,2.5,0,1,0
6,0.7,30,0,23,6.7,7.7,0.1,103.8,13.9,0,40.8,17.3,26.5,4.6,0,1,0
6,0.8,31,0,22.9,6.1,7.2,0.1,210.2,13.1,1.5,46.1,17.9,37.7,2.9,0,0,0
6,0.8,32,0,23.2,6.6,7.4,0.1,145.1,16.2,0.9,39.1,18.4,45.8,2.4,0,0,0
6,0.8,33,1,23.4,7.6,8.2,0.1,37.7,16.4,0,37,23,34.7,1.5,0,0,0
6,0.9,34,1,23.3,7.1,7.8,0.1,21.6,12.7,1.7,12.1,16.3,26.2,1,0,0,0
6,0.9,35,0,23.2,6.2,7.1,0.1,117.4,15.9,0.9,22.6,17.6,46.2,1.3,0,0,0
6,0.9,36,0,23.2,6.5,7.3,0.1,60.4,11.9,0,20.4,17.5,17.3,1.4,0,0,0
6,0.8,37,0,23,6.5,7.5,0.1,106.4,16.5,0.7,33.5,15.6,15.8,3.2,0,0,0
6,0.8,38,0,23.1,6.6,7.5,0.1,76.8,15.4,0.3,66.2,20.5,45.1,1.9,0,0,0
6,0.7,39,0,23.5,7.1,7.5,0.1,145.7,14.8,1.9,13.5,21.5,13.9,1.6,0,0,0
6,0.8,40,1,23.3,7.6,8.3,0.1,89.7,14,0,29.2,22.8,31,1.7,0,0,0
6,0.8,41,1,23.5,7.5,8,0.1,72.8,12.6,0.8,17.5,20.2,36.6,0.9,0,0,0
6,0.8,42,0,23.6,6.8,7.2,0.1,194.3,12.4,0,23.7,16,34.8,2.9,0,0,0
6,0.8,43,0,23.2,6.7,7.5,0.1,196.4,15.1,0,59.3,17.7,0,2.7,0,0,0
6,0.8,44,0,23.1,6.8,7.7,0.1,95.5,13.8,0.9,44.6,17.8,33.8,1.8,0,0,0
6,0.8,45,0,23.2,6.7,7.4,0.1,68.3,10.5,0.4,59.1,21.6,41.1,1.6,0,0,0
6,0.7,46,0,23.1,6.7,7.6,0.1,189.1,16.6,0,22.7,17.4,52.1,4.4,0,1,0
6,0.7,47,1,23.4,7.4,8,0.1,105.1,9.3,0.6,32.3,20.5,16.2,2,0,1,0
6,0.7,48,1,23.6,7.2,7.7,0.1,185.4,10.6,0.3,27.9,19.9,44.6,3.4,0,1,0
6,0.8,49,0,23,6.6,7.6,0.1,65.1,16,0,43.6,18.4,34.1,2.2,0,1,0
6,0.8,50,0,23.1,6.4,7.3,0.1,158.5,14.4,0.2,33.8,21.1,27.9,0.8,0,1,0
6,0.8,51,0,23.4,7.2,7.9,0.1,136.5,16.4,1.1,51.7,20,32.5,1.1,0,0,0
6,0.8,52,0,23.5,7.5,7.9,0.1,246.7,15.7,0.7,14.2,18.8,38.2,2.2,0,0,0
6,0.8,53,0,23.4,7,7.6,0.1,141.4,16.9,2,46,21.2,35,2.6,0,0,0
6,0.5,54,1,0.1,7.4,7.3,0.2,96,16.1,0,0,21.1,58.2,3.6,1,0,0
6,0.8,55,1,23.7,7.9,8.2,0.2,127.6,14.8,0.3,27.2,17.2,23.4,3,0,0,0
6,0.8,56,0,23,6.6,7.6,0.2,28,14.5,1.5,26.7,19,14.5,3.3,0,0,0
6,0.8,57,0,23.2,6.7,7.5,0.2,198.7,13,0,39.8,14.5,52.8,2.7,0,0,1
6,0.8,58,0,23.7,7.5,7.9,0.2,94.7,15.3,0.1,49.4,18.1,27,3.3,0,0,1
6,0.8,59,0,23.3,7,7.7,0.2,151.4,14.1,0,30,15.2,16.5,2,0,0,1
6,0.8,60,0,22.8,6.7,7.8,0.2,157.6,14.6,1.6,22.7,14.5,26.9,0.8,0,0,1
6,0.8,61,1,23.8,8.2,8.4,0.2,135.2,12.1,0.5,33,15.5,27.6,1.8,0,0,1
6,0.8,62,1,23.4,7.8,8.4,0.2,142.8,10.7,1.2,10.5,16.8,41.7,2,0,0,1
6,0.4,63,0,23,6.3,7.3,0.2,232,18,1.5,76.7,17.8,48.9,1.6,1,0,1
6,0.5,64,0,23.4,6,6.5,0.2,145.3,14.1,0.8,49,14.9,31.8,2.7,1,0,1
6,0.5,65,0,23.2,6.7,7.4,0.2,136.9,16,0.3,16.8,19.2,43.7,1.7,1,0,1
6,0.8,66,0,22.8,6.7,7.8,0.2,41.9,13.7,1.2,38.4,15.2,12.5,0.8,0,0,1
6,0.9,67,0,23.3,7,7.8,0.2,129.3,14,0,28.4,15.8,36.3,2.1,0,0,1
6,0.8,68,1,23.1,6.9,7.8,0.1,109.2,16.2,0.1,32.1,17.4,25.2,1.9,0,0,1
6,0.8,69,1,23.4,7.5,8.1,0.1,26.8,13.4,1.1,54.7,17.9,34.7,2.5,0,0,1
6,0.8,70,0,23.3,6.5,7.2,0.1,159.9,13.8,0,41.8,16.8,37.3,0.7,0,0,1
6,0.8,71,0,23.3,7,7.6,0.1,137,10.5,1.5,41.2,16,38.5,2.7,0,0,1
6,0.7,72,0,22.8,6.7,7.9,0.1,67.5,10.4,0,57.6,23,31.7,2.6,0,0,0
6,0.8,73,0,23.5,7.1,7.6,0.1,85.1,14.5,0.7,25.6,18.3,64.4,2.1,0,0,0
6,0.8,74,0,23.1,7.1,8,0.1,145,16.7,0.8,33.5,18.5,16.5,2,0,0,0
6,0.8,75,1,23.7,7.4,7.8,0.1,71.4,11.2,0.7,27.4,21.5,62.3,3.3,0,0,0
6,0.7,76,1,23.8,7.5,7.7,0.2,137.7,11.4,1,31.1,19,42.3,3,0,0,0
6,0.8,77,0,23,6.3,7.3,0.2,50.5,12.5,0.7,33.6,14.4,53.9,2.8,0,1,0
6,0.8,78,0,22.6,6.3,7.6,0.2,234,15.8,2.5,23.3,16.8,58.4,2.3,0,1,0
6,0.7,79,0,23.1,6.6,7.5,0.2,192.2,17,1.4,32.5,14.3,27.6,2,0,1,0
6,0.8,80,0,23.4,6.7,7.3,0.2,130,16.4,1.2,46.9,18.7,64,0.8,0,1,0
6,0.7,81,0,23.5,6.8,7.3,0.2,135.1,16.7,0.4,37.6,19.8,42.4,3.1,0,1,0
6,0.8,82,1,23.9,7.4,7.5,0.2,154,16,0,24.4,18.5,20.9,2.5,0,0,0
6,0.8,83,1,23.6,7.3,7.7,0.2,112.5,11.3,0,42.7,18.8,65,1.3,0,0,0
6,0.8,84,0,23,6,7,0.2,135.6,17,1.7,42.6,22.1,23.9,0.7,0,0,0
6,0.7,85,0,23.2,6.5,7.3,0.2,59.2,14.5,1.3,35.3,16.7,31,2.5,0,0,0
6,0.7,86,0,23,6.7,7.7,0.2,171.3,13,0,37.3,22.4,44.9,0.7,0,0,0
6,0.8,87,0,23.5,7.5,8,0.2,138.1,11.4,0.3,61.9,18.4,24.7,1.7,0,0,0
6,0.7,88,0,23.2,6.3,7.1,0.2,99.8,16.1,0.6,50.9,17.6,24.3,1.6,0,0,0
6,0.8,89,1,23.2,7.2,8,0.1,107.1,15.7,2.3,18.8,17.9,21.2,3,0,0,0
6,0.8,90,1,23.2,7.1,7.9,0.1,81.9,16.1,0,14.9,17.1,69.5,2.9,0,0,0
6,0.7,91,0,22.8,5.7,6.9,0.1,156.2,12.5,0.4,36.8,18.6,54,2.2,0,0,0
6,0.5,92,0,23.2,7.1,7.8,0.1,157,16.5,0.4,2.7,20.5,45.4,2,1,0,0
6,0.5,93,0,23.1,6.1,7,0.1,87.5,14.4,0.2,0,16.1,34.6,3,1,0,0
6,0.8,94,0,23.1,6.4,7.3,0.1,58,14.3,0.5,29.2,23,40.6,3.3,0,0,0
6,0.7,95,0,23,6.5,7.5,0.1,192.2,13.4,0,61.5,16.8,63.5,1.9,0,0,0
6,0.8,96,1,23.6,7.6,7.9,0.1,131.2,10.8,0.9,37.4,21.8,25.5,2.4,0,0,0
6,0.7,97,1,23.2,6.7,7.5,0.1,213,14.7,1.2,50.2,18.7,52.6,3.2,0,0,0
6,0.8,98,0,23.2,6.3,7.1,0.1,126.9,16.8,0,35.5,18.1,44.3,3,0,0,0
6,0.5,99,0,23.2,6.4,7.2,0.1,232.4,11.7,0.6,0,17.7,41.8,3.1,1,0,0
6,0.5,100,0,23.5,6.8,7.3,0.1,237,8.7,1.1,10.8,17.5,52.7,3.1,1,0,0
6,0.8,101,0,23.4,7.2,7.8,0.1,140.5,15.7,0.2,18,16.7,60,1.2,0,0,0
6,0.8,102,0,23.1,6.8,7.7,0.1,45.3,15.5,0.4,25.2,17.7,18.2,3.5,0,0,0
6,0.7,103,1,0.9,8.9,8.1,0.3,195.1,12.1,2.6,23.7,17.9,59.4,2.4,0,0,0
6,0.7,104,1,23.1,7.1,7.9,0.3,180.8,13.5,1.8,14,17.9,21.5,4,0,0,0
6,0.7,105,0,22.9,5.6,6.7,0.3,97.8,13.2,0.3,0.9,18,42,3,0,0,0
6,0.9,106,0,23.2,6.4,7.1,0.3,56.8,17.9,0.5,33.2,21.1,40,1.2,0,0,0
6,0.8,107,0,23.3,7.1,7.9,0.3,71.4,16.3,0,11.5,17.2,63.5,1.8,0,0,0
6,0.8,108,0,23.2,6.6,7.3,0.3,177.4,16.3,0.3,43.3,16.9,27.4,2.6,0,0,0
6,0.8,109,0,23.4,7,7.6,0.3,66.1,14,0,28.9,17.5,37.1,3,0,0,0
6,0.8,110,1,23.7,7.7,8,0.1,122.1,11.2,0,30.1,14,44,1.7,0,1,0
6,0.7,111,1,23,7.2,8.2,0.1,84,14.7,1,52.9,20.1,50.3,1.7,0,1,0
6,0.9,112,0,23,6.2,7.1,0.1,92.1,12.6,0.1,44.3,21.3,15.7,1.6,0,1,0
6,0.8,113,0,23.1,6.5,7.5,0.1,173,16.4,0.5,22.8,18.7,31.4,1.8,0,1,0
6,0.8,114,0,23.4,7.2,7.8,0.1,210.2,15.4,0.1,50.6,19,39.7,2.8,0,1,0
6,0.8,115,0,0.3,8,7.7,0.2,199.3,15.1,1.2,15.2,21.2,57.3,2.4,0,1,0
6,0.8,116,0,23,6.4,7.4,0.3,136.8,16.8,1.6,28.8,19,17.6,2.1,0,0,0